Unnamed: 0,id,start_x,start_y,minute,blocked_x,blocked_y,shot_outcome,player,is_own_goal,match_id,date,area,from_throw_in,shot_type,from_corner,from_freekick,from_open_play,from_fastbreak,from_penalty,from_setpiece,from_cross_open_play,shot_on_post,angulo_de_tiro,distancia_de_tiro
9924,93211564.0,2.6,50.3,23.0,,,Goal,Emanuel Insúa,1.0,,,Outside of the box,False,Head,False,False,True,False,False,False,False,False,0.0075418993703037,97.40046201122456
7056,128489649.0,8.0,41.9,4.0,,,Goal,Emmanuel Más,1.0,,,Outside of the box,False,Foot,True,False,False,False,False,False,False,False,0.0324100475213641,92.35588773868184
29,177854430.0,9.1,58.3,24.0,,,Goal,Mauro Bogado,1.0,,,Outside of the box,False,Head,True,False,False,False,False,False,False,False,0.0192035657180461,91.27814634401818
8116,218225860.0,2.7,51.3,97.0,,,Goal,Adrián Arregui,1.0,,,Outside of the box,False,Head,True,False,False,False,False,False,False,False,0.0075273248570598,97.30868409345592
8347,249780723.0,4.3,39.0,23.0,,,Goal,Gastón Aguirre,1.0,,,Outside of the box,False,Foot,False,False,True,False,False,False,False,False,0.0206222746472903,96.33010951929828
34127,295804676.0,9.4,51.8,58.0,,,Goal,Nahuel Molina,1.0,,,Outside of the box,False,Foot,False,False,True,False,False,False,False,False,0.0249414914381791,90.6178790305754
792,526106534.0,4.6,48.2,39.0,,,Goal,Damián Schmidt,1.0,,,Outside of the box,False,Head,True,False,False,False,False,False,False,False,0.0144442705583391,95.41697962102972
10486,559217096.0,9.1,60.4,33.0,,,Goal,Wálter Andrade,1.0,,,Outside of the box,False,Foot,False,False,True,False,False,False,False,False,0.0179162177807201,91.49300519711876
1210,664587547.0,6.0,49.1,64.0,,,Goal,Marcelo Larrondo,1.0,,,Outside of the box,False,Foot,False,False,True,False,False,False,False,False,0.0180467543313075,94.00430841190206
34828,682994485.0,8.3,49.9,11.0,,,Goal,Lucas Acevedo,1.0,,,Outside of the box,False,Head,True,False,False,False,False,False,False,False,0.0238634302856796,91.70005452561084
7338,877297553.0,4.3,49.3,10.0,,,Goal,Carlos Matheu,1.0,,,Outside of the box,False,Foot,False,False,True,False,False,False,False,False,0.0129226677036443,95.70256004935293
7139,950999992.0,6.1,48.9,16.0,,,Goal,Mariano Bareiro,1.0,,,Outside of the box,False,Foot,False,False,True,False,False,False,False,False,0.0184871477532343,93.90644280346264
3627,987100049.0,8.0,47.2,69.0,,,Goal,Jonathan Silva,1.0,,,Outside of the box,False,Foot,False,False,True,False,False,False,False,False,0.0256960892226735,92.04259883336628
17794,1116965725.0,6.9,43.2,65.0,,,Goal,Nicolás Domínguez,1.0,,,Outside of the box,False,Foot,False,False,True,False,False,False,False,False,0.02657054719435,93.3480047992457
24591,1119686820.0,5.2,48.5,34.0,,,Goal,Claudio Corvalán,1.0,,,Outside of the box,False,Other,True,False,False,False,False,False,False,False,0.0160872422273089,94.81186634593794
20077,1154452979.0,8.5,49.7,82.0,,,Goal,Luciano Abecasis,1.0,,,Outside of the box,False,Foot,False,False,True,False,False,False,False,False,0.0245981882100921,91.500491801957
20685,1170677518.0,4.0,43.3,29.0,,,Goal,Mauro Matos,1.0,,,Outside of the box,False,Head,True,False,False,False,False,False,False,False,0.0155939887746461,96.23351806932966
15936,1186541335.0,8.0,54.8,3.0,,,Goal,Facundo Barceló,1.0,,,Outside of the box,False,Head,False,False,False,False,False,True,False,False,0.0191747352430659,92.12513229298509
3351,1195894133.0,1.1,48.9,54.0,,,Goal,Christian Chimino,1.0,,,Outside of the box,False,Foot,False,False,True,False,False,False,False,False,0.0033845677471632,98.90611710101656
31385,1216554814.0,6.7,46.0,50.0,,,Goal,Alejandro Donatti,1.0,,,Outside of the box,False,Other,False,False,True,False,False,False,False,False,0.0228338086178199,93.3857055442641
31554,1228995605.0,4.3,61.8,14.0,,,Goal,Manuel Guanini,1.0,,,Outside of the box,False,Foot,False,False,True,False,False,False,False,False,0.0082302659770728,96.42473748992008
23364,1253256831.0,2.3,44.7,27.0,,,Goal,Juan Musso,1.0,,,Outside of the box,False,Other,False,False,True,False,False,False,False,False,0.0084601659804485,97.84365079043198
10215,1276639793.0,10.4,43.3,21.0,,,Goal,Ignacio Scocco,1.0,,,Outside of the box,False,Head,False,False,False,False,False,True,False,False,0.0386312064937112,89.85015303270217
14552,1283821963.0,5.1,51.5,26.0,,,Goal,Emanuel Gigliotti,1.0,,,Outside of the box,False,Foot,True,False,False,False,False,False,False,False,0.0140080516433778,94.91185384344782
25945,1289963047.0,5.6,49.5,0.0,,,Goal,Mauro Maidana,1.0,,,Outside of the box,False,Foot,False,False,True,False,False,False,False,False,0.0166064308517903,94.40132414325554
10766,1313118453.0,2.7,53.6,62.0,,,Goal,Luis Ardente,1.0,,,Outside of the box,False,Foot,False,False,True,False,False,False,False,False,0.0068938579170547,97.36657537368764
346,1320363891.0,12.0,44.7,62.0,,,Goal,Jonathan Bottinelli,1.0,,,Outside of the box,False,Head,False,False,True,False,False,False,False,False,0.0412413324980781,88.15945780232545
25797,1320738930.0,6.7,50.9,1.0,,,Goal,Guillermo Ortíz,1.0,,,Outside of the box,False,Head,True,False,False,False,False,False,False,False,0.0187004540193703,93.3043407350376
33553,1324115995.0,3.8,58.8,4.0,,,Goal,Fernando Zuqui,1.0,,,Outside of the box,False,Foot,False,False,True,False,False,False,False,False,0.0080426559808807,96.60165630050037
15995,1340832749.0,9.6,46.4,63.0,,,Goal,Lisandro Magallán,1.0,,,Outside of the box,False,Foot,False,False,True,False,False,False,False,False,0.0314773586751343,90.47165301905343
22263,1364964913.0,3.3,54.0,81.0,,,Goal,Guillermo Ortíz,1.0,,,Outside of the box,False,Foot,False,False,True,False,False,False,False,False,0.0082908848264399,96.78269473413108
5765,1367607083.0,5.1,52.3,66.0,,,Goal,Martín Nervo,1.0,,,Outside of the box,False,Foot,False,False,True,False,False,False,False,False,0.0135847897310218,94.92786735200576
23626,1386361897.0,11.2,68.6,81.0,,,Goal,Nicolás Pasquini,1.0,,,Outside of the box,False,Foot,False,False,True,False,False,False,False,False,0.017014531690214,90.72706321710189
34920,1396393890.0,3.5,45.8,60.0,,,Goal,Guillermo Acosta,1.0,,,Outside of the box,False,Other,False,False,True,False,False,False,False,False,0.0122197916513656,96.59135572089254
33098,1398924981.0,3.7,60.1,86.0,,,Goal,Néstor Moiraghi,1.0,,,Outside of the box,False,Foot,False,False,True,False,False,False,False,False,0.0074975665125529,96.82819837216842
9026,1432580680.0,15.2,89.2,30.0,,,Goal,Jonathan Bottinelli,1.0,,,Outside of the box,False,Foot,False,False,True,False,False,False,False,False,0.0136106261968131,93.42205307099604
31003,1491154221.0,9.0,49.3,83.0,,,Goal,Oliver Benítez,1.0,,,Outside of the box,False,Head,False,False,True,False,False,False,False,False,0.0263659905962575,91.00269226786644
29120,1494799253.0,1.4,49.1,38.0,,,Goal,Nicolás Domínguez,1.0,,,Outside of the box,False,Head,False,False,False,False,False,True,False,False,0.0042710873653617,98.60410741951878
23419,1498538422.0,15.8,44.5,61.0,,,Goal,José San Román,1.0,,,Outside of the box,False,Foot,False,False,True,False,False,False,False,False,0.0521324145115632,84.37944062388658
27794,1500028907.0,2.0,48.7,54.0,,,Goal,Matías Ibáñez,1.0,,,Outside of the box,False,Other,False,False,True,False,False,False,False,False,0.0061972853919268,98.00862206969344
32065,1529985157.0,4.8,44.1,4.0,,,Goal,Guillermo Burdisso,1.0,,,Outside of the box,False,Foot,True,False,False,False,False,False,False,False,0.0179754593254048,95.38265041400348
15315,1546333330.0,3.5,51.5,62.0,,,Goal,Nereo Fernández,1.0,,,Outside of the box,False,Other,False,False,True,False,False,False,False,False,0.009663596230442,96.51165732697788
21734,1559054903.0,7.1,57.5,81.0,,,Goal,Rafael García,1.0,,,Outside of the box,False,Head,False,False,True,False,False,False,False,False,0.0155440335978227,93.20225319164769
34382,1570299793.0,3.6,57.3,40.0,,,Goal,Luciano Lollo,1.0,,,Outside of the box,False,Head,False,False,True,False,False,False,False,False,0.0080269883495656,96.67600529604024
29678,1603310728.0,7.0,62.5,31.0,,,Goal,Mariano Bittolo,1.0,,,Outside of the box,False,Foot,False,False,True,False,False,False,False,False,0.0129982259708153,93.83629361819445
14203,1605298868.0,3.8,54.0,26.0,,,Goal,Germán Conti,1.0,,,Outside of the box,False,Head,False,False,False,False,False,True,False,False,0.0095353903254383,96.28312417033425
31299,1644688616.0,4.4,52.8,41.0,,,Goal,Yeimar Gómez,1.0,,,Outside of the box,False,Foot,False,False,True,False,False,False,False,False,0.0115278554449768,95.64099539423458
28179,1648475530.0,1.1,47.0,50.0,,,Goal,Facundo Sánchez,1.0,,,Outside of the box,False,Foot,False,False,True,False,False,False,False,False,0.0036652909513664,98.94549004376096
12962,1657373598.0,24.6,43.9,26.0,,,Goal,Sebastián Palacios,1.0,,,Outside of the box,False,Foot,False,False,False,True,False,False,False,False,0.0713648370255763,75.64634822646762
34523,1671437782.0,4.8,68.0,50.0,,,Goal,Lautaro Gianetti,1.0,,,Outside of the box,False,Foot,False,False,True,False,False,False,False,False,0.0075826549392923,96.8867379985517
17627,1689874785.0,1.0,48.0,38.0,,,Goal,Carlos Auzqui,1.0,,,Outside of the box,False,Foot,True,False,False,False,False,False,False,False,0.003194257745348,99.02019995940222
11600,1691157588.0,4.4,53.2,58.0,,,Goal,Wálter Andrade,1.0,,,Outside of the box,False,Foot,False,False,True,False,False,False,False,False,0.0113555340372243,95.65354149219984
29151,1708054952.0,6.7,52.8,52.0,,,Goal,Nicolás Thaller,1.0,,,Outside of the box,False,Foot,False,False,True,False,False,False,False,False,0.017393840859437,93.34200554948453
5920,1729096768.0,2.7,54.0,8.0,,,Goal,Agustín Orión,1.0,,,Outside of the box,False,Other,False,False,True,False,False,False,False,False,0.0067918946116152,97.382185229127
1916,1741929456.0,4.6,49.9,21.0,,,Goal,Ismael Benegas,1.0,,,Outside of the box,False,Other,True,False,False,False,False,False,False,False,0.0134799846064646,95.40005241088708
25807,1780228373.0,9.9,43.0,38.0,,,Goal,Marcelo Meli,1.0,,,Outside of the box,False,Foot,False,False,False,True,False,False,False,False,0.0374604673180769,90.371510997659
14858,1782557442.0,3.6,54.2,46.0,,,Goal,Mauricio Casierra,1.0,,,Outside of the box,False,Head,False,False,True,False,False,False,False,False,0.0089715557359503,96.49145039846796
22858,1782836054.0,8.8,52.4,93.0,,,Goal,Adrián Balboa,1.0,,,Outside of the box,False,Foot,True,False,False,False,False,False,False,False,0.022921424137066,91.23157348199142
1686,1786848018.0,6.6,49.1,28.0,,,Goal,Kevin Mac Allister,1.0,,,Outside of the box,False,Other,False,False,False,False,False,True,False,False,0.0197895123806101,93.40433608778557
3655,1803565297.0,3.1,44.6,11.0,,,Goal,Osvaldo Barsottini,1.0,,,Outside of the box,False,Other,False,False,True,False,False,False,False,False,0.0114290845855839,97.05034775826412
6215,1805297328.0,9.1,37.5,78.0,,,Goal,Tomás Cardona,1.0,,,Outside of the box,False,Other,False,False,True,False,False,False,False,False,0.0451097222630566,91.755435806278
24374,1827147235.0,4.8,42.1,93.0,,,Goal,Ignacio Canuto,1.0,,,Outside of the box,False,Foot,False,False,False,False,False,True,False,False,0.0197140155217365,95.5272212513271
18731,1829299585.0,4.0,55.6,20.0,,,Goal,Miguel Barbieri,1.0,,,Outside of the box,False,Foot,False,False,True,False,False,False,False,False,0.0094633040853764,96.16319462247498
18804,1880466047.0,1.7,53.2,14.0,,,Goal,Lucas Acosta,1.0,,,Outside of the box,False,Foot,False,False,True,False,False,False,False,False,0.0044131529600032,98.35207166094672
28324,1921097973.0,6.3,43.8,48.0,,,Goal,Damián Lemos,1.0,,,Outside of the box,False,Foot,False,False,False,False,False,True,False,False,0.0237088205717692,93.90489870076
12448,1935024006.0,7.5,51.5,39.0,,,Goal,Cristian Romero,1.0,,,Outside of the box,False,Head,False,False,True,False,False,False,False,False,0.0203674515705656,92.51216136270948
34524,1935515083.0,7.1,52.6,53.0,,,Goal,Lautaro Acosta,1.0,,,Outside of the box,False,Head,False,False,False,False,False,True,False,False,0.0185343188475978,92.93637608600844
23918,1941033646.0,4.7,52.0,31.0,,,Goal,Dylan Gissi,1.0,,,Outside of the box,False,Other,False,False,True,False,False,False,False,False,0.0126819134404287,95.32098404863432
18521,1950464362.0,2.6,46.2,5.0,,,Goal,Lucas Licht,1.0,,,Outside of the box,False,Head,False,False,True,False,False,False,False,False,0.0089441926552494,97.47409912381852
25135,1986739091.0,9.5,47.0,31.0,,,Goal,Paulo Ferrari,1.0,,,Outside of the box,False,Head,False,False,True,False,False,False,False,False,0.030412505285206,90.54971010445036
23942,2009646769.0,6.5,48.5,8.0,,,Goal,Matías Caruzzo,1.0,,,Outside of the box,False,Foot,False,False,True,False,False,False,False,False,0.0199796652029807,93.5120313114842
10492,2013766028.0,4.0,46.8,49.0,,,Goal,Renzo Vera,1.0,,,Outside of the box,False,Foot,False,False,True,False,False,False,False,False,0.0133517271346818,96.05331852674324
26549,2029101611.0,9.0,45.8,94.0,,,Goal,Sebastián Olivarez,1.0,,,Outside of the box,False,Head,False,False,True,False,False,False,False,False,0.030416742716285,91.09687151598564
10110,2034062838.0,10.5,30.7,35.0,,,Goal,Érik Godoy,1.0,,,Outside of the box,False,Foot,False,False,False,True,False,False,False,False,0.0738161003999553,91.557304460103
1380,2043805712.0,5.7,55.0,87.0,,,Goal,Claudio Pérez,1.0,,,Outside of the box,False,Foot,False,False,True,False,False,False,False,False,0.0137056812066418,94.43246263864984
15149,2050304373.0,1.6,50.9,61.0,,,Goal,Ignacio Canuto,1.0,,,Outside of the box,False,Foot,False,False,True,False,False,False,False,False,0.0045395487444365,98.40411576758363
29559,2056485009.0,0.6000000000000001,46.6,25.0,,,Goal,Nicolás Navarro,1.0,,,Outside of the box,False,Other,False,False,False,False,False,True,False,False,0.0020347205428439,99.45813189478274
28609,2081818481.0,1.4,48.9,39.0,,,Goal,Federico Mancinelli,1.0,,,Outside of the box,False,Foot,False,False,True,False,False,False,False,False,0.0043062639273405,98.6061357117294
28933,2115288830.0,20.5,63.3,51.0,,,Goal,Ignacio Fernández,1.0,,,Outside of the box,False,Head,False,False,False,False,False,True,False,False,0.0339852535588783,80.60483856444351
27527,2126609141.0,5.9,51.9,94.0,,,Goal,Emanuel Olivera,1.0,,,Outside of the box,False,Other,False,False,True,False,False,False,False,False,0.0159056978923982,94.11917976693168
19548,2134754411.0,2.0,53.0,66.0,,,Goal,Iván Gómez,1.0,,,Outside of the box,False,Foot,False,False,True,False,False,False,False,False,0.0052292625898298,98.04590761474952
35878,2153583137.0,7.1,58.1,32.0,,,Goal,Jonathan Schunke,1.0,,,Outside of the box,False,Foot,False,False,True,False,False,False,False,False,0.0152281577069982,93.25245305084474
36496,2158126305.0,1.4,49.5,88.0,,,Goal,Fernando Torrent,1.0,,,Outside of the box,False,Foot,False,False,True,False,False,False,False,False,0.0042020170472165,98.60126774032877
36509,2158544511.0,6.7,26.6,29.0,,,Goal,Marcelo Ortiz,1.0,,,Outside of the box,False,Foot,False,False,True,False,False,False,False,False,0.066263319359742,96.18965640857648
36714,2158745651.0,7.2,48.3,56.0,,,Goal,Nahuel Tenaglia,1.0,,,Outside of the box,False,Foot,False,False,True,False,False,False,False,False,0.0222218024107537,92.81556981455212
36931,2161396343.0,7.7,28.3,81.0,,,Goal,Lucas Martínez Quarta,1.0,,,Outside of the box,False,Other,False,False,True,False,False,False,False,False,0.0664643554594606,94.81655973510112
37164,2162534327.0,8.1,52.1,1.0,,,Goal,Tomás Cardona,1.0,,,Outside of the box,False,Foot,False,False,False,False,False,True,False,False,0.0214278906066004,91.92399033984546
37427,2164357851.0,2.1,48.2,61.0,,,Goal,Juan Bolado,1.0,,,Outside of the box,False,Other,False,False,True,False,False,False,False,False,0.0066422144140747,97.91654609921656
38220,2169204375.0,1.6,46.0,64.0,,,Goal,Diego Rodríguez,1.0,,,Outside of the box,False,Foot,False,False,True,False,False,False,False,False,0.0055634035827572,98.48126725423472
38445,2170465909.0,3.9,58.7,79.0,,,Goal,Eugenio Mena,1.0,,,Outside of the box,False,Foot,False,False,True,False,False,False,False,False,0.0082805833412,96.49300492781848
38489,2170945671.0,2.9,50.7,21.0,,,Goal,Gabriel Díaz,1.0,,,Outside of the box,False,Foot,False,False,True,False,False,False,False,False,0.0082742074256737,97.1025231392058
38579,2171445955.0,7.7,49.7,57.0,,,Goal,Guillermo Ortíz,1.0,,,Outside of the box,False,Other,False,False,True,False,False,False,False,False,0.0223986181237585,92.30048753934076
38757,2178502879.0,0.5,50.2,87.0,,,Goal,Antony Silva,1.0,,,Outside of the box,False,Other,False,False,False,False,False,True,False,False,0.0014599727054896,99.5002010048221
38925,2180724721.0,1.7,46.0,6.0,,,Goal,Luis Unsain,1.0,,,Outside of the box,False,Foot,False,False,True,False,False,False,False,False,0.0059101820023744,98.38134985859872
40503,2190075615.0,23.3,47.4,85.0,,,Goal,Matías Nani,1.0,,,Outside of the box,False,Foot,False,False,True,False,False,False,False,False,0.0613567396458233,76.7440551443563
41456,2314020429.0,3.7,39.7,2.0,,,Goal,Juan Cruz Komar,1.0,,,Outside of the box,False,Foot,False,False,True,False,False,False,False,False,0.0171793983106843,96.84926432348362
41597,2314622889.0,0.6000000000000001,53.2,87.0,,,Goal,Lucas Acosta,1.0,,,Outside of the box,False,Other,False,False,True,False,False,False,False,False,0.0015589910486495,99.45149571524804
41959,2316459679.0,2.7,48.7,20.0,,,Goal,Federico Gattoni,1.0,,,Outside of the box,False,Foot,False,False,True,False,False,False,False,False,0.008354612145085,97.30868409345592
41985,2317105355.0,4.4,45.5,72.0,,,Goal,Miguel Torrén,1.0,,,Outside of the box,False,Head,False,False,False,False,False,True,False,False,0.0155116045678767,95.7058514407557
42381,2319643637.0,2.4,41.9,54.0,,,Goal,Ignacio Scocco,1.0,,,Outside of the box,False,Foot,True,False,False,False,False,False,False,False,0.0100501520545605,97.93554002505934
42599,2321505331.0,4.5,53.2,14.0,,,Goal,Elías López,1.0,,,Outside of the box,False,Head,False,False,True,False,False,False,False,False,0.0116099485383929,95.55359752515862
42583,2321535063.0,9.5,46.5,55.0,,,Goal,Gonzalo Bettini,1.0,,,Outside of the box,False,Foot,False,False,True,False,False,False,False,False,0.0310470806409189,90.56765427016424
43259,2325420173.0,6.5,51.1,81.0,,,Goal,Néstor Breitenbruch,1.0,,,Outside of the box,False,Other,False,False,True,False,False,False,False,False,0.018020336788166,93.506470364355
43376,2325688583.0,1.8,52.4,27.0,,,Goal,Mariano Andújar,1.0,,,Outside of the box,False,Other,True,False,False,False,False,False,False,False,0.0048164486478551,98.22932352408826
43630,2326894301.0,4.1,47.4,90.0,,,Goal,Fernando Torrent,1.0,,,Outside of the box,False,Foot,False,False,True,False,False,False,False,False,0.0133368420482676,95.9352385726955
44147,2331884165.0,3.3,47.2,57.0,,,Goal,Lisandro López,1.0,,,Outside of the box,False,Foot,False,False,True,False,False,False,False,False,0.0108545714711658,96.7405292522219
44330,2332539697.0,5.3,47.0,75.0,,,Goal,Emiliano Méndez,1.0,,,Outside of the box,False,Foot,False,False,True,False,False,False,False,False,0.0174448721046559,94.7475065634975
44558,2335899279.0,0.8,49.3,23.0,,,Goal,Thomas Ortega,1.0,,,Outside of the box,False,Foot,False,False,True,False,False,False,False,False,0.0024220975424253,99.2024697273208
44677,2337568487.0,3.2,55.7,29.0,,,Goal,Emanuel Brítez,1.0,,,Outside of the box,False,Other,False,False,True,False,False,False,False,False,0.0075576078610158,96.9676750262684
45127,2340701703.0,1.7,50.9,17.0,,,Goal,Gustavo Canto,1.0,,,Outside of the box,False,Foot,False,False,True,False,False,False,False,False,0.0048226494230232,98.3041199543539
50285,2344232761.0,1.6,46.0,93.0,,,Goal,Luis Unsain,1.0,,,Outside of the box,False,Other,False,False,False,False,False,True,False,False,0.0055634035827572,98.48126725423472
50416,2344512939.0,7.2,47.8,3.0,,,Goal,Agustín Rogel,1.0,,,Outside of the box,False,Foot,False,False,True,False,False,False,False,False,0.0226812361133921,92.82607392322484
50661,2346742459.0,1.2,46.6,28.0,,,Goal,Leonardo Burián,1.0,,,Outside of the box,False,Other,False,False,True,False,False,False,False,False,0.0040673891755941,98.85848471426212
51472,2353442507.0,7.0,54.9,16.0,,,Goal,Francisco Ortega,1.0,,,Outside of the box,False,Other,False,False,True,False,False,False,False,False,0.0168005433533666,93.12899655853704
51646,2356243453.0,4.3,44.3,90.0,,,Goal,Alexis Maldonado,1.0,,,Outside of the box,False,Foot,False,False,True,False,False,False,False,False,0.015995916298741,95.86959893522034
51870,2357864873.0,1.3,53.2,1.0,,,Goal,Leonardo Burián,1.0,,,Outside of the box,False,Head,False,False,False,False,False,True,False,False,0.003376209934851,98.75186074196272
51967,2358358743.0,3.1,47.8,55.0,,,Goal,Francisco Gerometta,1.0,,,Outside of the box,False,Foot,False,False,True,False,False,False,False,False,0.0099477029069884,96.92497098271426
52605,2361240051.0,2.5,48.4,35.0,,,Goal,Alexis Maldonado,1.0,,,Outside of the box,False,Head,False,False,True,False,False,False,False,False,0.0078357080733546,97.51312732140222
53666,2429089415.0,6.5,47.4,75.0,,,Goal,Mario López,1.0,1636634.0,2022-06-1,Outside of the box,False,Foot,False,False,True,False,False,False,False,False,0.0209055929172902,93.53614274706864
53774,2429098777.0,7.9,48.1,60.0,,,Goal,Lautaro Blanco,1.0,1636621.0,2022-06-11,Outside of the box,False,Foot,False,False,True,False,False,False,False,False,0.024471285501737,92.119596178012
54248,2430100123.0,3.6,29.7,33.0,,,Goal,Nicolás Figal,1.0,1636608.0,2022-06-16,Outside of the box,False,Other,False,False,True,False,False,False,False,False,0.0298803667955515,98.51421217266066
54256,2430107395.0,4.4,46.2,58.0,,,Goal,Nicolás Demartini,1.0,1636608.0,2022-06-16,Outside of the box,False,Foot,False,False,True,False,False,False,False,False,0.0150464881156194,95.67549320489547
54346,2430479145.0,3.5,53.6,56.0,,,Goal,Gonzalo Goñi,1.0,1636660.0,2022-06-18,Outside of the box,False,Foot,False,False,True,False,False,False,False,False,0.0089209526751404,96.5671269118016
54418,2430526211.0,3.8,54.2,58.0,,,Goal,Raúl Lozano,1.0,1636656.0,2022-06-19,Outside of the box,False,Foot,False,False,False,False,False,True,False,False,0.0094651774516562,96.29164034328214
54682,2431564201.0,43.8,93.6,12.0,,,Goal,Luciano Abecasis,1.0,1636677.0,2022-06-24,Outside of the box,False,Foot,False,False,True,False,False,False,False,False,0.0300505674703568,71.1294594384071
54867,2432160289.0,1.7,49.4,71.0,,,Goal,Rufino Lucero,1.0,1636663.0,2022-06-26,Outside of the box,False,Foot,False,False,True,False,False,False,False,False,0.0051212497380043,98.30183111214154
55470,2435394143.0,3.7,45.8,40.0,,,Goal,Marcos Ledesma,1.0,1636682.0,2022-07-1,Outside of the box,False,Foot,False,False,True,False,False,False,False,False,0.0129091240926543,96.39154527239408
56899,2440652055.0,6.8,56.9,64.0,,,Goal,Santiago Hezze,1.0,1636766.0,2022-07-31,Outside of the box,False,Foot,True,False,False,False,False,False,False,False,0.0152187283432682,93.4550694184109
57551,2445048953.0,1.9,51.6,37.0,,,Goal,Sebastián Meza,1.0,1636772.0,2022-08-12,Outside of the box,False,Head,False,False,True,False,False,False,False,False,0.005242764922627,98.1130470426844
57623,2445089171.0,7.9,56.0,64.0,,,Goal,Nicolás Castro,1.0,1636779.0,2022-08-13,Outside of the box,False,Head,False,False,True,False,False,False,False,False,0.018154281160028,92.2952328129682
57909,2447464809.0,4.1,46.4,25.0,,,Goal,Franco Ortellado,1.0,1636797.0,2022-08-17,Outside of the box,False,Head,True,False,False,False,False,False,False,False,0.0139169071925553,95.96754659779523
58632,2452556963.0,7.3,46.4,35.0,,,Goal,Paolo Goltz,1.0,1636820.0,2022-08-28,Outside of the box,False,Foot,False,False,False,False,False,True,False,False,0.0243634172902967,92.76987657639737
58879,2455419885.0,1.0,48.4,89.0,,,Goal,Federico Lanzillota,1.0,1636828.0,2022-09-03,Outside of the box,False,Head,True,False,False,False,False,False,False,False,0.003141398916368,99.0129284487637
59454,2458847843.0,7.2,55.2,29.0,,,Goal,Oscar Piris,1.0,1636860.0,2022-09-11,Outside of the box,False,Foot,False,False,True,False,False,False,False,False,0.0170796115786664,92.9455754729616
59370,2458848497.0,5.8,46.6,30.0,,,Goal,Ignacio Gariglio,1.0,1636861.0,2022-09-11,Outside of the box,False,Foot,False,False,True,False,False,False,False,False,0.0193679195193094,94.26133884048116
59587,2459897807.0,3.1,42.4,10.0,,,Goal,Martín Cauteruccio,1.0,1636865.0,2022-09-14,Outside of the box,False,Foot,False,False,False,False,False,True,False,False,0.0126483353917634,97.19758227445784
59862,2461442815.0,1.4,52.6,59.0,,,Goal,Diego Rodríguez,1.0,1636890.0,2022-09-17,Outside of the box,False,Other,True,False,False,False,False,False,False,False,0.0037193271126557,98.63427396194488
61151,2467788225.0,8.0,54.9,64.0,,,Goal,Juan Insaurralde,1.0,1636939.0,2022-10-06,Outside of the box,False,Foot,True,False,False,False,False,False,False,False,0.0191061146796008,92.13039672116906
61374,2469352489.0,3.0,46.6,74.0,,,Goal,Ramiro González,1.0,1636925.0,2022-10-09,Outside of the box,False,Foot,False,False,False,False,False,True,False,False,0.0101327100229169,97.05956933759803
61574,2470459417.0,6.5,47.6,40.0,,,Goal,Iván Ramírez,1.0,1636962.0,2022-10-11,Outside of the box,False,Foot,False,False,True,False,False,False,False,False,0.0207325390144848,93.53079706706237
62066,2473609349.0,1.0,47.4,79.0,,,Goal,Rodrigo Saracho,1.0,1636952.0,2022-10-17,Outside of the box,False,Other,False,False,True,False,False,False,False,False,0.0032760877375548,99.03413552911944
62192,2474045603.0,12.1,56.7,16.0,,,Goal,Paolo Goltz,1.0,1636955.0,2022-10-18,Outside of the box,False,Foot,False,False,True,False,False,False,False,False,0.0264497828287996,88.15497717088923
62541,2476633307.0,4.6,53.8,26.0,,,Goal,Walter Pérez,1.0,1636976.0,2022-10-23,Outside of the box,False,Head,False,False,True,False,False,False,False,False,0.011601694644144,95.47565134629878
62887,2501765151.0,2.3,47.9,55.0,,,Goal,Ángelo Martino,1.0,1694365.0,2023-01-28,Outside of the box,False,Foot,False,False,True,False,False,False,False,False,0.0073637157379722,97.7225664828754
63455,2505060227.0,5.6,46.8,80.0,,,Goal,Guillermo Soto,1.0,1703075.0,2023-02-07,Outside of the box,False,Foot,False,False,True,False,False,False,False,False,0.018561367014401,94.45422171613085
63678,2506767231.0,12.1,55.9,54.0,,,Goal,Ezequiel Fernández,1.0,1703101.0,2023-02-12,Outside of the box,False,Foot,False,False,False,True,False,False,False,False,0.0271807733892912,88.09778657832443
64467,2514802073.0,7.0,48.8,85.0,,,Goal,Carlos Quintana,1.0,1703159.0,2023-03-03,Outside of the box,False,Foot,True,False,False,False,False,False,False,False,0.021196270137133,93.00774161326572
64708,2516309111.0,12.0,59.9,28.0,,,Goal,Francisco Pizzini,1.0,1703196.0,2023-03-06,Outside of the box,False,Head,False,False,False,False,False,True,False,False,0.023617309628262,88.55512407534643
65504,2525972297.0,8.2,53.4,95.0,,,Goal,Braian Salvareschi,1.0,1703236.0,2023-03-31,Outside of the box,False,Foot,False,False,True,False,False,False,False,False,0.0206564919260261,91.8629413855228
65586,2526865929.0,4.8,53.3,27.0,,,Goal,Agustín Dáttola,1.0,1703262.0,2023-04-01,Outside of the box,False,Foot,False,False,True,False,False,False,False,False,0.012325485608278,95.25717820720914
66003,2530066251.0,6.3,52.0,86.0,,,Goal,Diego Godín,1.0,1703242.0,2023-04-08,Outside of the box,False,Foot,False,False,True,False,False,False,False,False,0.0168888802963172,93.72134228658912
66149,2531268595.0,7.6,52.7,85.0,,,Goal,Zaid Romero,1.0,1703230.0,2023-04-09,Outside of the box,False,Head,False,False,True,False,False,False,False,False,0.0197135386874816,92.43943963482256
66361,2532642209.0,4.3,35.5,8.0,,,Goal,Guillermo Fernández,1.0,1703300.0,2023-04-12,Outside of the box,False,Foot,False,False,True,False,False,False,False,False,0.0248703120590804,96.79225175601609
66399,2532922401.0,6.3,49.6,79.0,,,Goal,Felipe Peña Biafore,1.0,1703324.0,2023-04-13,Outside of the box,False,Foot,True,False,False,False,False,False,False,False,0.0185447653172664,93.7008537847975
67081,2538898113.0,2.5,44.5,64.0,,,Goal,Mauro Peinipil,1.0,1703358.0,2023-04-24,Outside of the box,False,Head,False,False,True,False,False,False,False,False,0.0092744587168959,97.65500499206377
67321,2540422121.0,3.8,40.5,91.0,,,Goal,Joaquín Pereyra,1.0,1703369.0,2023-04-29,Outside of the box,False,Head,True,False,False,False,False,False,False,False,0.0169459771169452,96.6679367732652
